[{
  "_id": 2,
  "name": "Sara",
  "marks": [
    {
      "subject": "Java",
      "mark": 85
    },
    {
      "subject": "React",
      "mark": 75
    },
    {
      "subject": "JS",
      "mark": 80
    }
  ]
},{
  "_id": 3,
  "name": "Itshak",
  "marks": [
    {
      "subject": "Java",
      "mark": 95
    },
    {
      "subject": "React",
      "mark": 100
    },
    {
      "subject": "JS",
      "mark": 100
    }
  ]
},{
  "_id": 1,
  "name": "Moshe",
  "marks": [
    {
      "subject": "Java",
      "mark": 80
    },
    {
      "subject": "React",
      "mark": 60
    },
    {
      "subject": "JS",
      "mark": 75
    },
    {
      "subject": "Java Technologies",
      "mark": 80
    }
  ]
}]
